<?xml version="1.0" encoding="UTF-8"?>
<project-private xmlns="http://www.netbeans.org/ns/project-private/1">
    <editor-bookmarks xmlns="http://www.netbeans.org/ns/editor-bookmarks/2" lastBookmarkId="0"/>
    <open-files xmlns="http://www.netbeans.org/ns/projectui-open-files/2">
        <group>
            <file>file:/C:/Users/Raja%20Roy/Documents/NetBeansProjects/GameApp/src/com/richa/gaming/GameFrame.java</file>
            <file>file:/C:/Users/Raja%20Roy/Documents/NetBeansProjects/GameApp/src/com/richa/gaming/sprites/Enemy2.java</file>
            <file>file:/C:/Users/Raja%20Roy/Documents/NetBeansProjects/GameApp/src/com/richa/gaming/sprites/Player.java</file>
            <file>file:/C:/Users/Raja%20Roy/Documents/NetBeansProjects/GameApp/src/com/richa/gaming/Board.java</file>
            <file>file:/C:/Users/Raja%20Roy/Documents/NetBeansProjects/GameApp/src/com/richa/gaming/sprites/Enemy1.java</file>
            <file>file:/C:/Users/Raja%20Roy/Documents/NetBeansProjects/GameApp/src/com/richa/gaming/sprites/Sprites.java</file>
        </group>
    </open-files>
</project-private>
